{"action": {"mean": [0.00023605347087141126, -0.0009842717554420233, 0.0009466615738347173, 0.001184931956231594, -4.692317816079594e-05, 1.428536961611826e-05, 0.572607696056366], "std": [0.003059832379221916, 0.0067718676291406155, 0.010962974280118942, 0.02371939830482006, 0.0032084293197840452, 0.003953901585191488, 0.4946921765804291], "max": [0.03886362910270691, 0.030030028894543648, 0.09125322848558426, 0.17024479806423187, 0.036239806562662125, 0.0493476465344429, 1.0], "min": [-0.02044716291129589, -0.05311591178178787, -0.04699578136205673, -0.13995367288589478, -0.03285190090537071, -0.05598832666873932, 0.0], "q01": [-0.006757009048014879, -0.01811044344678521, -0.027726876232773066, -0.07459592856466771, -0.008038540948182345, -0.01192296328023076, 0.0], "q99": [0.00774091925472021, 0.012380718085914847, 0.025080250781029413, 0.08028015434741972, 0.009056428875774142, 0.009688256634399279, 1.0]}, "proprio": {"mean": [0.0, 0.0, 0.0, 0.0, 0.0, 0.0, 0.0], "std": [0.0, 0.0, 0.0, 0.0, 0.0, 0.0, 0.0], "max": [0.0, 0.0, 0.0, 0.0, 0.0, 0.0, 0.0], "min": [0.0, 0.0, 0.0, 0.0, 0.0, 0.0, 0.0], "q01": [0.0, 0.0, 0.0, 0.0, 0.0, 0.0, 0.0], "q99": [0.0, 0.0, 0.0, 0.0, 0.0, 0.0, 0.0]}, "num_transitions": 7148, "num_trajectories": 170}